Id,Name,Positions,Value,Height,Age,Preferred Foot,Right Foot,Left Foot,Personality,Acc,Wor,Vis,Thr,Pun,Tec,Tea,Tck,Str,Sta,Rus,Ref,Pos,Pen,Pas,Pac,1v1,OtB,Nat,Mar,L Th,Lon,Ldr,Kic,Jum,Hea,Han,Fre,Fla,Fir,Fin,Ecc,Dri,Det,Dec,Cro,Cor,Cnt,Cmp,Com,Cmd,Bra,Bal,Ant,Agi,Agg,Aer
2045,Matheus,GK,2500000.0,190,26,4,5,1,1,13,14,9,14,14,8,13,1,14,13,12,17,14,3,6,12,12,1,13,3,1,3,10,15,14,6,12,8,3,4,1,17,3,14,10,3,3,10,12,12,11,15,14,11,14,15,13
2046,Alexandr Belenov,GK,2200000.0,197,31,4,5,1,7,7,12,12,13,13,7,12,1,18,12,9,16,14,3,9,10,14,3,13,3,1,3,14,12,17,3,13,9,3,8,2,13,1,10,13,2,5,12,13,11,15,13,11,11,11,9,15
2047,Alexandr Selikhov,GK,2200000.0,190,24,4,5,1,8,8,11,12,13,8,6,11,3,13,11,9,15,13,3,11,11,14,2,8,3,2,1,10,13,15,10,15,6,1,11,2,9,1,14,11,2,3,13,12,13,13,14,13,13,14,12,13
2048,Silviu Lung,GK,1000000.0,189,29,4,5,1,8,10,10,6,12,11,8,12,1,13,12,11,15,12,3,9,11,13,10,15,3,2,3,11,13,15,9,14,8,8,7,1,8,1,12,10,2,6,13,13,13,15,11,10,11,11,9,14
2049,Gaston Gomez,GK,375000.0,189,22,4,5,1,19,10,10,10,10,7,5,11,2,17,16,6,14,11,2,12,8,12,2,10,3,14,3,11,13,12,1,12,9,2,2,2,12,2,11,14,2,4,15,11,8,11,16,14,11,15,9,13
2050,Agustin Rossi,GK,375000.0,193,22,1,1,5,12,12,8,8,12,7,8,14,1,14,12,10,14,14,4,11,11,12,8,15,2,3,1,10,13,16,2,14,11,4,9,3,7,3,14,11,2,8,8,16,13,13,14,13,12,14,8,15
2051,Danny Vukovic,GK,1300000.0,188,33,4,5,1,7,10,8,9,9,5,9,12,7,14,10,11,15,11,9,11,10,16,5,9,1,8,1,10,10,14,7,13,1,8,8,4,12,8,10,11,2,3,11,12,11,15,14,12,15,12,15,13
2052,Paul Nardi,GK,1300000.0,188,24,4,5,1,18,12,8,10,14,12,8,11,2,14,12,12,14,13,1,10,11,13,3,14,2,1,2,12,12,15,10,13,9,10,10,3,8,1,15,12,3,7,12,11,13,11,13,13,13,14,8,12
2053,William Yarbrough,GK,2800000.0,181,29,3,5,2,1,12,13,13,11,11,6,14,8,12,14,12,14,15,6,4,13,14,8,14,6,5,5,14,11,11,4,14,2,8,4,5,9,3,4,13,6,4,14,15,12,13,14,15,14,14,8,11
2054,Augusto Batalla,GK,1300000.0,185,22,3,5,1,6,11,12,10,14,12,9,14,3,14,13,8,16,11,3,10,11,16,2,12,2,2,1,13,13,11,1,15,9,8,11,1,6,2,15,9,1,6,9,9,13,12,13,13,11,14,11,11
2055,Hortalin Zadi,GK,300000.0,192,28,3,5,2,1,10,8,9,12,11,9,10,3,10,3,11,14,14,3,8,9,14,2,13,3,2,3,10,14,14,1,14,8,3,5,2,10,2,2,14,3,6,13,10,11,12,11,10,10,7,8,14
2056,Pontus Dahlberg,GK,525000.0,194,19,4,5,1,18,8,9,11,11,7,6,12,1,12,5,13,14,12,3,7,7,14,1,13,3,3,1,9,9,14,2,13,10,3,6,2,6,3,15,12,2,5,13,10,12,13,15,10,12,14,13,13
2057,Daniele Padelli,GK,1900000.0,191,32,4,5,1,15,12,12,11,12,12,9,11,1,13,13,12,15,14,3,11,12,11,8,15,1,3,3,9,12,15,1,15,11,9,11,1,4,1,16,12,3,8,13,9,11,12,8,12,12,14,9,13
2058,Ivan Cuellar,GK,7500000.0,187,34,1,2,5,7,14,11,12,14,15,11,11,1,11,11,15,14,13,2,12,12,15,7,13,2,3,15,17,13,13,8,15,11,13,12,2,15,12,14,11,12,9,11,13,14,14,14,10,12,12,10,14
2059,Cesar Rigamonti,GK,700000.0,187,31,3,5,1,8,10,10,10,12,12,8,12,3,15,13,14,15,13,3,13,8,14,5,13,1,2,1,14,15,13,8,12,9,4,9,3,12,3,13,12,2,4,10,10,12,10,13,14,12,14,9,12
2060,Andreas Lukse,GK,1900000.0,187,30,3,5,1,1,12,12,10,12,6,8,13,5,13,12,12,13,12,4,9,12,14,1,13,5,12,12,10,13,14,8,13,5,6,11,2,5,7,12,11,6,3,12,9,13,14,13,14,11,13,12,14
2061,Craig Gordon,GK,3100000.0,193,35,1,1,5,16,4,14,8,14,8,8,10,1,11,7,13,17,16,5,8,4,16,8,8,3,2,3,15,8,14,7,13,8,2,8,3,5,1,15,13,3,6,14,14,14,15,10,13,15,12,8,17
2062,Guilherme,GK,750000.0,197,32,4,5,1,6,12,11,13,15,12,8,9,1,13,12,18,15,10,3,12,11,13,2,10,3,2,2,14,13,18,3,14,12,2,11,2,7,3,16,12,3,8,13,10,14,13,13,12,9,13,9,16
2063,Karlo Letica,GK,375000.0,201,21,4,5,1,1,13,10,6,8,10,6,10,2,13,12,13,13,12,1,7,12,11,1,12,1,3,2,11,11,19,11,14,5,1,7,3,12,3,14,8,2,2,11,12,11,14,14,12,13,12,12,18
2064,Samir Ujkani,GK,375000.0,188,30,4,5,1,18,12,12,7,12,11,8,10,5,10,13,9,14,13,1,8,9,13,5,14,1,5,1,10,12,13,9,14,1,9,8,1,9,7,15,13,1,1,13,13,11,10,12,12,13,13,2,13
2065,Christian Mathenia,GK,375000.0,189,26,3,5,2,8,11,13,6,10,8,7,13,3,17,12,10,17,13,2,7,10,14,4,13,2,1,3,10,11,13,9,15,10,11,7,2,8,2,14,13,3,8,15,11,12,10,11,14,13,9,4,11
2066,Warner Hahn,GK,375000.0,193,26,4,5,1,1,10,14,11,15,3,11,12,1,14,14,7,14,13,2,12,10,17,2,14,2,1,1,14,11,15,5,13,3,3,9,1,4,3,8,8,3,1,13,10,14,17,12,12,11,13,11,14
2067,Munir,GK,2200000.0,190,29,4,5,1,1,13,11,8,12,12,9,12,2,12,15,11,14,14,5,12,14,13,3,14,3,3,1,8,12,13,4,14,10,4,10,2,7,3,9,11,2,7,11,12,11,11,12,13,12,13,7,13
2068,Axel Werner,GK,2200000.0,192,22,4,5,1,6,8,11,10,14,8,10,15,2,15,13,10,16,14,5,6,8,13,1,18,2,3,2,6,9,17,5,13,11,1,7,1,5,1,15,11,2,8,11,15,10,12,15,14,11,15,10,16
2069,Trevor Carson,GK,375000.0,183,30,3,5,2,18,8,14,3,14,5,9,14,2,12,7,13,13,13,3,15,8,11,3,7,1,2,2,14,14,11,8,16,8,1,7,3,6,1,16,9,2,3,11,9,15,16,10,13,7,15,10,14
2070,Mert Gunok,GK,375000.0,196,29,3,5,1,7,9,9,5,12,8,8,11,1,12,9,12,15,13,3,8,9,11,5,17,2,3,3,8,13,16,5,15,11,5,9,1,10,2,8,10,2,8,10,14,12,13,15,12,12,14,9,14
2071,Antonio Mirante,GK,750000.0,193,35,3,5,1,16,11,14,4,12,12,7,13,3,13,9,13,15,14,6,9,11,11,1,10,2,2,3,9,13,16,8,14,11,9,8,1,8,3,12,13,1,8,15,14,9,12,13,14,13,13,8,15
2072,Hendrik Van Crombrugge,GK,375000.0,188,25,3,5,1,1,12,11,11,12,8,10,10,3,11,12,3,15,10,5,10,12,11,2,14,2,3,2,12,11,14,12,12,8,2,10,3,10,3,13,13,2,6,14,13,12,10,14,12,11,11,11,13
2073,Andreas Leitner,GK,700000.0,184,24,0,5,3,6,12,12,12,11,13,6,12,3,13,13,13,14,16,5,8,13,13,1,13,5,11,9,9,13,13,3,13,3,10,9,4,11,6,15,9,5,3,11,8,12,13,12,12,8,12,12,13
2074,Paul Bernardoni,GK,1000000.0,190,21,2,1,5,8,10,13,7,10,12,7,13,2,15,13,10,14,12,4,8,11,13,1,14,2,3,1,8,12,15,8,14,10,6,8,1,10,1,12,12,2,8,13,12,12,11,14,15,13,12,11,13
2075,Renan,GK,5250000.0,190,29,4,5,0,17,12,12,11,12,14,7,12,1,16,11,15,16,13,2,7,10,15,5,16,2,3,1,12,12,16,7,14,11,5,7,3,5,1,15,12,3,6,15,16,11,12,15,13,13,13,9,14
2076,Cenk Gonen,GK,1900000.0,190,30,3,5,2,7,12,13,6,13,15,9,12,1,12,13,14,18,10,7,8,13,13,4,14,1,3,2,11,13,15,5,12,11,5,9,3,9,2,10,9,1,7,10,17,11,9,16,12,10,15,13,13
2077,Leandro Chichizola,GK,1900000.0,183,28,4,5,1,8,9,11,9,12,6,8,10,1,11,13,7,16,13,1,9,11,12,1,14,1,1,3,9,10,11,4,15,10,5,13,3,5,1,13,11,2,8,13,11,14,14,14,11,13,14,9,13
2078,Diego Marino,GK,5250000.0,187,28,0,5,3,1,11,11,7,13,8,9,11,10,11,13,10,15,14,6,9,12,14,2,13,8,12,7,10,12,13,6,13,6,6,11,5,4,11,12,12,10,7,14,11,13,13,10,12,11,15,8,15
2079,Martin Silva,GK,10500000.0,186,35,3,5,1,8,12,12,9,13,12,12,13,3,12,13,11,16,13,3,11,12,15,1,14,3,2,1,17,12,13,1,15,6,6,8,2,3,2,12,12,3,2,11,11,13,11,13,12,12,14,12,12
2080,Rafael,GK,625000.0,186,28,4,5,1,1,12,12,11,11,12,8,12,3,12,14,11,12,13,3,11,12,14,5,14,1,1,3,9,13,14,4,14,9,1,12,1,8,1,13,10,1,5,10,11,13,11,12,13,12,15,7,11
2081,Thomas Kaminski,GK,675000.0,190,25,4,5,1,15,13,11,11,10,7,14,8,1,8,12,10,14,10,2,10,14,12,2,13,2,2,2,8,14,14,3,14,6,2,9,1,8,3,14,10,2,2,15,10,8,10,12,8,12,14,11,12
2082,Yury Lodygin,GK,2200000.0,187,28,3,5,1,6,12,14,11,13,8,11,12,7,12,13,14,16,10,4,10,12,14,3,13,3,3,2,12,12,14,9,12,8,3,8,3,9,3,15,11,3,4,12,11,13,13,14,14,11,13,9,11
2083,Anton Mitryushkin,GK,2200000.0,189,22,4,5,1,5,7,8,7,13,7,8,9,2,12,12,14,15,13,3,8,6,14,3,12,3,2,1,12,16,14,3,14,8,1,8,1,5,1,12,10,1,4,13,11,12,12,14,12,12,14,8,15
2084,Serkan Kirintili,GK,1600000.0,186,33,4,5,1,7,13,13,8,10,15,10,11,1,12,10,17,17,12,2,11,12,16,3,8,3,3,1,12,10,13,9,12,8,5,6,3,13,2,12,11,1,5,13,10,15,10,13,12,14,14,9,10
2085,Bruno Varela,GK,1600000.0,191,23,3,5,1,15,11,14,8,12,14,9,12,3,12,12,11,15,13,2,9,12,13,1,13,2,3,2,7,12,13,4,12,11,3,10,2,8,1,15,13,3,7,11,10,13,11,14,12,13,14,12,13
2086,David Stockdale,GK,375000.0,188,32,3,5,4,6,9,13,9,15,14,9,13,3,13,13,15,14,11,2,13,12,14,8,13,2,1,1,9,16,15,8,13,9,5,9,2,9,1,17,9,1,7,11,13,14,11,13,9,11,13,7,14
2087,Dominik Livakovic,GK,9000000.0,188,23,3,5,1,12,12,10,5,13,7,6,12,3,14,12,15,14,14,5,8,10,13,3,6,3,1,2,10,10,14,6,17,10,1,6,3,6,1,13,12,1,8,15,14,11,14,12,12,13,14,11,15
2088,Johannes Hopf,GK,625000.0,195,31,4,5,1,13,8,10,7,11,7,7,11,2,13,10,7,14,14,5,10,9,12,3,14,3,2,1,8,12,16,10,13,9,2,7,3,4,3,14,12,2,6,12,11,10,12,14,12,12,13,6,14
2089,Mariano Andujar,GK,3100000.0,194,35,4,5,1,16,10,13,11,15,12,8,12,11,13,13,14,13,13,1,8,10,13,3,14,1,1,1,15,11,16,8,14,2,3,8,1,6,6,14,10,1,1,14,15,14,15,13,15,13,12,15,15
2090,Muhammed Sengezer,GK,625000.0,192,21,0,5,3,8,12,12,11,11,6,12,12,1,10,10,9,13,10,3,12,12,14,1,11,2,2,1,5,14,16,10,14,5,1,10,1,1,1,5,9,3,2,12,13,13,13,8,10,9,14,6,14
2091,Daniel Heuer Fernandes,GK,2500000.0,188,25,3,5,4,8,11,10,9,12,9,11,15,2,12,10,14,15,12,5,11,10,15,2,14,1,3,1,11,13,14,7,12,7,7,10,1,12,1,13,13,1,2,12,15,13,11,12,12,13,13,10,11
2092,Ruud Boffin,GK,625000.0,196,30,3,5,1,19,12,12,10,14,14,12,13,2,12,10,17,14,11,3,13,10,14,3,13,1,2,2,12,14,16,9,11,6,11,13,2,17,1,12,8,3,4,12,14,15,10,8,10,13,14,9,15
2093,Federico Marchetti,GK,750000.0,188,35,1,2,5,8,10,13,7,9,11,8,13,3,13,15,15,16,12,2,9,10,15,7,16,3,1,3,13,11,15,7,12,9,8,8,1,13,2,13,13,1,4,10,12,15,13,15,11,16,14,11,12
2094,Victor,GK,9750000.0,193,35,2,0,5,16,12,13,13,12,14,8,13,2,13,13,15,16,15,3,8,12,13,8,14,1,3,2,15,10,16,8,14,10,10,12,2,3,4,14,13,1,8,14,13,14,11,15,13,14,13,13,15
2095,Benjamin van Leer,GK,625000.0,187,26,4,5,1,1,10,11,11,12,6,10,10,3,11,12,12,14,12,1,13,10,12,2,12,3,2,2,9,11,11,3,13,3,1,5,1,1,3,13,13,3,1,13,14,11,14,12,13,12,12,11,12
2096,Vito Mannone,GK,625000.0,191,30,3,5,4,1,10,12,8,12,12,10,12,2,15,11,15,15,13,1,10,9,13,2,12,3,2,1,11,10,15,8,13,11,2,10,1,10,1,10,10,1,7,9,13,12,11,13,11,10,13,12,14
2097,Sasal Vural,GK,600000.0,189,28,4,5,1,1,10,8,10,13,8,10,10,2,12,8,13,15,12,4,10,10,14,3,12,2,1,1,5,13,12,9,13,7,1,7,1,12,3,6,12,2,4,12,13,13,14,9,10,13,12,9,12
2098,Boaz Myhill,GK,2200000.0,191,35,3,5,2,5,9,11,8,9,14,2,11,1,10,12,8,16,11,2,11,8,13,1,12,3,3,3,8,13,14,1,15,4,8,7,1,8,2,12,10,1,2,14,12,12,10,16,13,8,14,9,15
2099,Davy Roef,GK,600000.0,189,24,4,5,1,16,13,15,11,12,8,12,11,3,10,14,12,14,13,2,13,12,13,2,17,1,3,2,4,12,14,13,13,8,1,13,1,1,2,14,16,2,3,12,14,5,12,11,10,14,14,8,13
2100,Marcos Diaz,GK,375000.0,187,32,4,5,1,15,10,11,6,11,12,8,12,1,15,14,11,16,13,5,11,12,12,5,12,1,2,2,15,15,12,6,14,8,5,9,2,14,2,15,12,2,6,11,12,14,11,15,14,11,13,15,12
2101,Esteban,GK,375000.0,193,29,4,5,1,6,10,14,7,12,12,11,10,1,15,12,11,13,13,5,10,8,11,3,14,3,1,3,8,12,14,5,13,10,14,10,2,15,2,15,12,1,6,12,16,9,11,17,13,13,12,16,14
2102,Ivan Vargic,GK,550000.0,192,31,3,5,2,9,10,15,9,12,5,11,9,1,14,12,6,13,14,2,11,9,13,2,6,3,1,2,7,13,17,11,11,10,1,10,2,8,2,13,11,2,5,13,11,13,13,10,12,13,10,8,13
2103,Iker Casillas,GK,15750000.0,182,37,2,1,5,12,10,11,11,15,17,10,12,3,12,13,13,17,15,3,12,12,17,2,9,2,3,1,16,15,12,8,12,10,6,10,2,7,2,13,14,1,6,16,15,14,11,10,12,14,15,7,12
2104,Martin Kobras,GK,700000.0,182,31,4,5,1,8,12,13,8,12,9,6,13,5,14,13,12,15,14,5,8,13,13,1,13,5,12,10,11,10,12,8,12,4,3,9,1,7,4,13,10,5,3,11,11,14,13,13,12,11,13,9,12
2105,William Dutoit,GK,550000.0,182,29,4,5,1,1,14,11,12,11,12,8,10,2,8,12,8,16,12,4,11,14,10,1,10,3,1,1,11,10,10,5,11,9,14,11,3,8,1,14,10,3,4,10,10,10,9,14,10,12,14,11,10
2106,Kostas Lamprou,GK,700000.0,178,26,4,5,1,9,11,15,8,13,6,12,10,1,11,14,12,13,13,3,9,10,13,3,10,1,3,3,9,12,9,4,14,5,11,10,1,5,1,11,11,3,1,12,13,11,13,14,13,10,13,8,12
2107,Beto,GK,8250000.0,180,36,3,5,2,8,11,15,10,11,12,12,11,2,11,9,11,14,15,3,14,8,12,6,13,2,2,3,16,11,11,3,15,10,11,12,2,8,1,14,13,1,7,12,12,15,12,16,8,12,14,16,9
2108,Pedro Fernandez,GK,625000.0,190,31,3,5,1,1,13,6,7,11,8,8,5,1,12,7,10,14,8,2,10,12,12,8,10,2,1,1,8,12,13,2,13,8,11,3,2,9,3,7,12,3,5,13,13,11,15,13,14,11,12,13,13
2109,Eduardo,GK,2200000.0,188,35,4,5,1,12,9,11,10,16,14,4,14,3,12,8,14,16,11,2,9,8,15,1,6,3,1,2,14,14,13,1,14,8,7,9,2,6,3,17,10,1,6,9,14,13,14,15,12,12,14,11,11
2110,Antonio Sivera,GK,375000.0,185,21,3,5,4,4,14,7,10,10,11,8,11,2,9,4,7,15,11,2,14,14,15,2,5,1,1,3,15,12,13,1,15,9,2,10,1,1,3,19,15,2,4,9,11,9,12,12,5,8,12,8,12
2111,Yohann Pele,GK,750000.0,196,35,4,5,1,9,9,6,11,12,9,9,11,2,16,12,11,15,13,3,10,10,14,2,12,3,1,3,12,10,18,3,14,10,6,9,2,7,3,14,12,2,5,12,13,12,13,14,16,14,13,10,16
2112,Vid Belec,GK,625000.0,192,28,4,5,1,8,10,16,11,13,13,7,13,2,13,10,9,14,13,3,5,10,13,4,13,3,1,2,11,12,16,7,13,7,3,7,3,13,2,14,11,3,3,11,11,12,13,14,11,15,12,10,13
2113,Martin Hansen,GK,1000000.0,189,28,3,5,4,0,11,16,5,7,11,5,13,1,12,14,12,15,13,4,7,9,13,2,10,3,3,2,10,15,13,5,14,9,4,5,1,7,1,14,12,2,6,13,14,12,11,14,13,12,10,16,13
2114,Allan McGregor,GK,8250000.0,183,36,4,5,1,6,7,12,14,13,13,8,10,3,15,13,9,16,18,3,12,7,17,3,13,3,1,1,16,13,11,9,15,9,4,8,3,10,2,15,13,2,5,13,11,15,8,16,15,13,14,15,10
2115,Michael Rensing,GK,2200000.0,190,34,3,5,2,16,9,8,6,10,16,6,15,3,17,10,10,16,13,2,7,10,16,2,13,3,2,3,10,9,16,7,15,7,3,6,1,4,2,11,12,3,2,14,10,14,10,13,15,12,12,8,12
2116,Andre Moreira,GK,700000.0,195,22,4,5,1,8,10,13,7,11,6,9,12,1,11,13,12,14,13,1,9,11,12,1,13,1,1,1,8,12,16,7,12,1,1,9,1,10,1,13,13,1,1,13,9,12,13,12,13,13,13,12,15
2117,Artem Rebrov,GK,2200000.0,193,34,4,5,1,16,9,11,11,12,8,9,12,1,15,7,13,14,13,2,11,8,11,3,11,1,3,2,13,12,15,1,14,9,2,11,1,12,2,15,11,2,6,13,12,15,12,14,12,13,11,11,12
2118,Manuel Kuttin,GK,625000.0,194,24,4,5,1,1,10,14,10,13,12,8,13,6,15,15,11,13,15,5,9,10,12,1,16,5,13,8,10,11,16,8,11,5,7,11,2,8,6,11,10,5,3,11,10,10,10,14,14,8,10,9,16
2119,Sammy Bossut,GK,600000.0,187,32,4,5,1,18,13,15,8,11,12,11,14,3,8,10,10,14,12,3,11,13,13,1,16,2,3,1,14,11,13,10,12,11,1,11,1,1,3,15,13,3,6,13,10,10,12,14,9,10,15,11,13
2120,Jamie MacDonald,GK,550000.0,186,32,3,5,2,15,10,9,9,9,11,8,13,1,11,10,14,17,9,2,8,10,14,11,10,2,1,3,11,10,12,12,13,7,2,8,1,13,3,15,13,2,4,13,9,14,12,10,9,10,13,11,13
2121,Manuel Neuer,GK,60000000.0,192,32,0,5,3,4,14,14,12,20,8,12,18,2,16,10,20,16,16,10,13,10,16,1,13,1,2,2,13,19,15,10,14,14,6,13,3,18,3,18,16,3,11,15,20,12,17,14,15,20,17,8,14
2122,David De Gea,GK,53000000.0,193,27,3,5,4,13,13,9,6,9,6,13,9,1,14,12,8,20,15,3,12,13,16,10,17,3,3,2,8,16,15,2,18,14,5,14,2,10,2,17,15,2,10,16,16,14,14,15,11,17,18,5,16
2123,Jan Oblak,GK,55000000.0,189,25,3,5,1,0,11,13,8,14,9,11,13,2,13,13,15,18,16,12,16,13,16,2,9,2,3,2,11,16,13,3,18,11,15,12,1,4,2,15,17,2,9,16,17,14,15,13,13,11,13,8,15
2124,Thibaut Courtois,GK,54000000.0,199,26,1,2,5,19,11,10,10,15,6,13,14,1,13,9,10,17,15,5,13,10,17,2,12,2,3,2,11,15,19,10,17,8,14,10,3,5,10,15,15,2,5,15,14,12,16,14,14,15,12,8,18
2125,Alisson Becker,GK,37500000.0,191,25,3,5,1,16,13,12,13,15,14,13,12,2,14,12,18,18,17,5,16,12,16,12,18,2,2,3,10,18,15,4,15,2,13,15,3,15,11,19,15,1,2,15,18,14,13,14,15,15,15,12,13
2126,Marc-Andre ter Stegen,GK,49500000.0,187,26,0,5,3,15,14,10,9,17,10,14,14,2,15,13,18,17,12,3,17,11,12,1,15,3,3,2,14,19,16,7,14,13,5,13,3,12,2,18,13,1,11,12,18,15,15,15,16,17,14,11,13
2127,Keylor Navas,GK,45000000.0,185,31,3,5,2,13,12,15,8,15,16,6,15,1,13,14,12,19,14,5,9,14,16,1,17,1,2,3,12,13,12,9,12,12,8,8,3,4,1,16,15,3,7,18,13,14,15,15,14,15,18,11,10
2128,Hugo Lloris,GK,43500000.0,188,31,2,0,5,13,15,16,9,11,13,10,15,10,14,15,19,18,16,3,8,12,17,6,15,4,2,2,15,11,13,9,17,12,6,8,1,12,5,15,14,3,9,15,7,15,12,18,12,17,17,15,11
2129,Wojciech Szczesny,GK,40500000.0,196,28,3,5,2,6,10,12,9,13,7,7,10,3,15,10,16,16,14,3,12,12,18,4,12,2,1,2,8,16,18,5,18,11,7,8,2,16,1,15,14,3,8,13,18,14,15,16,11,13,15,15,16
2130,Ederson,GK,22500000.0,188,24,2,0,5,19,13,13,17,17,6,15,13,2,13,13,17,15,14,12,17,12,15,15,15,3,2,12,7,20,13,9,15,8,2,14,2,10,11,16,14,9,6,16,16,13,15,18,13,15,13,11,13
2131,Jordan Pickford,GK,31500000.0,187,24,1,2,5,8,8,11,13,12,9,12,10,2,13,13,12,16,14,3,14,8,15,3,12,2,1,3,14,18,14,8,13,11,2,11,1,9,2,14,12,1,6,14,12,17,15,15,12,14,14,16,14
2132,Kepa Arrizabalaga,GK,30000000.0,186,23,3,5,2,8,9,13,11,13,13,11,13,3,14,12,15,17,13,3,11,12,15,5,12,3,1,2,10,14,14,1,16,10,1,11,3,5,1,13,13,3,5,15,14,16,15,14,12,14,14,8,15
2133,Samir Handanovic,GK,22500000.0,193,34,4,5,1,16,9,13,9,12,15,8,12,3,16,13,13,20,15,6,8,10,17,4,15,3,2,3,13,13,16,8,16,13,9,11,3,8,3,14,16,1,8,11,15,14,15,14,15,16,16,14,14
2134,Rui Patricio,GK,27000000.0,190,30,2,1,5,12,11,14,10,14,12,10,13,1,15,12,15,16,16,2,10,10,17,11,16,2,12,3,16,14,16,8,16,11,11,7,1,5,5,15,15,2,8,14,14,16,11,12,16,13,13,12,16
2135,Asmir Begovic,GK,11250000.0,199,31,4,5,1,15,11,14,13,11,8,8,12,1,14,12,15,16,14,12,12,10,13,2,16,1,1,3,12,12,18,8,15,8,7,8,3,11,2,17,14,1,4,11,12,15,14,14,11,14,16,12,15
2136,Kasper Schmeichel,GK,21500000.0,189,31,0,5,3,15,15,15,13,16,16,10,11,3,10,12,16,16,14,3,8,15,15,2,15,2,1,3,17,14,12,13,12,10,2,8,3,16,2,16,14,1,5,12,9,13,13,16,8,13,15,17,12
2137,Jack Butland,GK,21500000.0,196,25,4,5,0,18,13,10,10,9,10,10,12,1,12,14,11,18,11,3,9,11,16,3,15,2,2,3,9,14,14,3,15,9,2,6,1,11,1,15,11,3,4,13,14,13,12,14,12,12,18,10,18
2138,Loris Karius,GK,20000000.0,189,25,3,5,2,6,14,10,12,13,13,12,12,2,13,12,17,16,14,5,12,13,16,8,14,3,1,1,7,14,14,6,14,12,10,13,3,11,1,15,13,2,10,13,14,13,12,13,14,15,15,8,14
2139,Lukasz Fabianski,GK,21500000.0,190,33,4,5,1,18,10,13,10,15,12,7,14,13,13,10,14,17,15,6,8,8,15,4,13,7,2,3,8,12,15,11,16,12,5,8,2,7,2,15,12,1,10,18,16,16,13,12,12,16,16,10,14
2140,Simon Mignolet,GK,18000000.0,193,30,4,5,1,18,11,10,8,12,14,8,11,3,14,12,12,18,15,1,11,11,15,3,14,2,3,2,10,12,14,4,15,7,3,11,1,7,3,15,13,1,3,14,14,12,11,14,13,15,16,10,14
2141,Anthony Lopes,GK,21500000.0,184,27,2,1,5,18,14,10,10,13,9,11,10,3,14,14,14,16,13,2,11,13,16,5,15,3,3,3,15,13,13,6,15,7,9,11,2,11,2,15,12,1,5,14,12,13,13,16,14,14,16,11,13
2142,Gianluigi Donnarumma,GK,11250000.0,196,19,4,5,1,6,9,13,9,12,14,6,17,7,15,13,13,17,13,6,8,11,15,2,15,1,8,1,10,13,18,7,14,1,6,7,1,9,4,15,14,1,1,14,15,13,14,15,16,13,16,8,16
2143,Tom Heaton,GK,18000000.0,188,32,3,5,1,8,8,6,11,14,5,8,18,2,13,10,14,16,14,2,12,9,16,1,13,3,1,1,18,12,14,8,16,9,1,8,3,6,2,14,14,3,7,17,9,18,13,14,10,13,13,7,15
2144,Steve Mandanda,GK,11250000.0,185,33,4,5,1,8,13,8,8,13,10,10,13,3,14,15,14,18,13,5,9,11,15,2,12,2,1,12,15,11,14,8,15,12,8,9,5,6,8,14,12,1,9,12,16,13,12,15,14,13,17,6,14
2145,Ralf Fahrmann,GK,20000000.0,196,29,3,5,1,16,12,10,7,11,10,10,17,3,18,10,14,17,14,2,8,10,17,1,12,3,2,2,13,12,16,7,13,6,3,10,1,8,2,12,12,1,3,14,14,9,11,16,15,12,17,7,16
2146,Marcus Bettinelli,GK,13500000.0,194,26,3,5,1,4,11,11,4,13,14,8,14,5,14,6,12,15,14,2,10,6,13,2,8,5,14,5,13,14,17,6,15,6,3,10,5,5,5,18,12,4,5,13,10,13,14,14,12,14,12,11,16
2147,Nick Pope,GK,13500000.0,196,26,3,5,4,1,8,15,6,12,12,7,15,2,13,10,13,15,14,1,10,9,16,2,10,3,2,2,8,7,18,1,16,12,4,7,2,2,3,10,12,3,9,15,9,13,19,13,12,15,14,8,16
2148,Vicente Guaita,GK,13500000.0,190,31,3,5,1,6,10,11,11,15,17,10,11,1,13,14,13,15,16,1,8,11,13,2,13,3,1,2,11,14,15,8,16,12,3,8,2,6,1,15,13,3,7,15,11,13,14,13,14,13,13,6,14
2149,Danijel Subasic,GK,21500000.0,191,33,4,5,1,13,12,10,8,14,14,9,13,11,15,15,13,16,16,10,10,12,15,3,15,5,3,1,15,13,16,7,15,11,11,11,1,12,10,15,14,1,7,14,13,14,13,15,16,14,13,11,11
2150,Mattia Perin,GK,19000000.0,188,25,4,5,1,19,13,5,5,15,9,6,10,3,11,10,15,16,16,4,6,13,15,2,15,1,1,1,14,12,15,1,13,1,3,5,1,17,1,15,13,1,1,14,14,16,14,17,13,14,16,10,14
2151,Roman Burki,GK,18000000.0,187,27,3,5,4,8,14,10,9,16,9,10,15,2,15,13,18,14,11,1,11,10,15,1,16,2,1,1,10,17,12,7,12,9,3,10,2,13,3,11,11,3,6,11,17,13,13,17,16,16,12,16,12
2152,Ron-Robert Zieler,GK,18000000.0,188,29,3,5,4,8,14,12,9,15,10,12,17,2,13,13,18,14,15,1,10,10,14,1,17,1,1,1,10,16,12,7,13,11,3,12,3,10,1,11,14,2,8,16,15,10,16,12,14,16,12,8,11
2153,Sergio Romero,GK,3800000.0,192,31,4,5,1,19,10,8,12,12,14,9,12,7,17,14,14,15,14,2,8,14,16,3,16,1,2,3,15,16,17,1,12,7,15,9,2,13,2,16,11,3,3,12,12,14,12,15,16,11,15,10,15
2154,Joe Hart,GK,3800000.0,196,31,3,5,2,6,13,15,8,13,17,7,15,1,14,14,14,16,13,13,8,7,16,2,13,1,2,2,14,10,17,8,15,7,4,9,2,14,1,16,11,3,5,10,10,14,12,14,11,11,15,10,15
2155,Salvatore Sirigu,GK,18000000.0,192,31,3,5,1,18,10,9,7,12,13,8,16,3,15,12,13,15,15,4,9,12,14,3,13,1,2,2,13,12,15,7,16,8,7,9,3,5,6,16,14,3,4,14,15,14,12,16,15,14,14,10,13
2156,Alphonse Areola,GK,21500000.0,195,25,3,5,2,8,12,10,9,12,8,9,14,2,17,15,14,16,13,2,10,12,14,8,15,2,1,12,9,13,15,2,14,11,8,10,1,9,3,14,13,1,7,15,14,13,14,14,17,13,14,8,14
2157,Thomas Strakosha,GK,16750000.0,193,23,4,5,1,13,14,15,5,10,13,8,10,1,13,14,12,18,15,2,9,14,15,8,15,1,2,1,6,11,17,2,15,10,10,9,2,16,2,16,15,3,5,14,13,10,10,15,13,14,15,8,15
2158,Yann Sommer,GK,15750000.0,183,29,0,5,3,8,14,14,10,15,8,11,17,2,11,12,18,15,12,7,12,10,15,2,17,2,2,2,12,16,9,7,12,8,1,11,1,14,2,14,16,3,3,14,18,11,14,11,12,17,11,8,11
2159,Timo Horn,GK,15750000.0,192,25,1,1,5,8,13,12,8,15,12,10,13,2,16,11,13,16,15,1,10,10,16,1,17,1,3,1,10,13,15,7,14,10,1,11,1,10,2,14,13,2,8,16,15,10,11,13,15,16,14,10,12
2160,Fernando Muslera,GK,27000000.0,190,32,3,5,1,13,12,12,10,14,4,10,13,1,12,13,14,17,16,7,13,11,15,7,14,3,2,3,14,12,15,8,16,12,8,11,2,7,9,17,12,1,10,13,13,14,10,16,12,15,16,10,12
2161,Kevin Trapp,GK,15750000.0,189,28,3,5,2,8,13,10,7,11,12,10,17,2,16,10,15,17,16,6,9,10,17,1,15,2,2,2,9,11,12,7,14,10,6,10,2,10,2,12,14,3,8,13,16,10,12,14,14,15,14,8,12
2162,Adrian,GK,13500000.0,190,31,4,5,1,19,6,12,12,15,17,4,12,2,13,12,8,16,14,2,7,6,15,3,14,2,3,2,14,14,17,1,12,7,1,10,1,17,3,15,14,1,3,12,12,16,14,14,13,15,15,12,15
2163,Alex McCarthy,GK,7500000.0,194,28,3,5,2,18,11,11,9,10,16,14,12,3,10,13,11,16,15,3,11,11,15,2,13,3,3,1,7,14,16,5,15,12,3,10,1,5,3,15,12,3,7,9,10,10,15,12,12,15,16,7,14
2164,Angus Gunn,GK,7500000.0,196,22,3,5,1,6,9,12,10,12,6,12,8,1,11,12,9,15,13,1,12,7,14,2,8,1,1,1,9,15,15,4,15,10,3,9,3,6,1,15,11,1,5,12,12,14,14,14,12,13,14,8,16
2165,Sergio Asenjo,GK,11250000.0,182,29,3,5,2,8,8,14,7,15,8,10,13,1,15,12,12,18,12,2,11,10,15,1,8,3,3,1,11,14,11,5,15,8,5,11,1,7,2,14,14,3,3,17,15,14,14,16,10,15,14,9,12
2166,Kiko Casilla,GK,11250000.0,190,31,3,5,4,18,11,13,10,13,7,10,13,2,15,14,13,16,14,3,13,15,12,1,13,2,2,2,13,15,15,9,14,6,9,11,1,7,2,15,11,3,3,15,13,13,13,16,12,14,14,12,13
2167,Peter Gulacsi,GK,14500000.0,190,28,3,5,2,8,12,10,7,10,11,9,14,2,15,10,15,16,14,2,10,10,15,1,13,1,1,3,10,13,14,2,16,9,3,9,2,8,3,10,12,3,5,17,13,10,12,13,14,16,14,8,12
2168,Jiri Pavlenka,GK,14500000.0,196,26,3,5,2,8,12,10,7,10,13,8,12,2,16,10,13,17,13,4,9,10,17,3,14,2,1,1,10,9,15,9,12,9,3,8,3,6,1,13,11,2,7,14,11,12,14,15,15,12,17,8,17
2169,Fraser Forster,GK,6750000.0,201,30,4,5,1,14,3,12,9,12,3,7,6,7,17,9,12,16,15,6,9,3,13,1,11,3,2,2,9,12,20,2,14,10,2,8,2,4,1,17,15,1,6,16,16,14,11,14,13,12,10,7,19
2170,Mathew Ryan,GK,6000000.0,184,26,3,5,4,16,10,12,11,12,12,12,10,2,12,15,14,15,17,1,13,11,12,2,14,1,12,3,14,15,11,8,15,8,8,11,2,13,1,16,12,1,6,12,14,10,11,15,10,13,14,13,9
2171,Jasper Cillessen,GK,20000000.0,185,29,3,5,2,19,11,14,9,13,10,8,13,2,11,10,12,16,15,1,10,11,15,3,14,2,3,1,10,13,16,4,16,12,8,10,3,11,2,16,13,2,8,12,16,14,14,15,14,13,15,12,14
2172,Lukas Hradecky,GK,13500000.0,190,28,3,5,4,19,14,12,8,17,9,7,10,1,11,10,15,17,15,8,8,10,17,3,13,1,3,2,13,16,15,8,12,12,3,7,3,11,2,14,11,3,10,14,12,13,15,14,12,11,14,10,12
2173,Jonas Lossl,GK,5250000.0,195,29,3,5,1,8,10,10,9,12,10,9,14,2,16,10,14,14,12,2,10,10,16,3,13,1,2,2,12,12,17,7,14,10,2,9,2,8,2,12,10,3,7,13,11,12,16,14,15,12,14,10,15
2174,Neto,GK,19000000.0,190,29,4,5,1,1,12,13,11,12,13,9,10,1,16,14,14,17,17,5,11,13,15,3,14,2,2,2,10,10,15,6,13,10,6,10,2,6,2,13,12,2,7,14,15,15,13,12,15,15,16,7,13
2175,Lovre Kalinic,GK,3800000.0,201,28,2,1,5,18,11,10,4,12,8,6,12,1,15,14,10,16,17,1,6,12,15,3,14,2,3,2,15,10,19,7,17,10,3,6,3,10,1,16,7,3,8,13,15,11,14,18,17,16,14,12,17
2176,Karl Darlow,GK,750000.0,186,27,3,5,4,9,10,14,9,13,13,11,11,1,10,12,16,14,14,4,11,10,15,11,13,1,1,2,10,13,13,10,13,4,3,12,3,5,2,13,12,2,1,12,12,12,12,14,13,13,13,1,13
2177,Igor Akinfeev,GK,16750000.0,186,32,3,5,4,16,12,10,10,15,17,11,5,3,13,10,8,16,16,14,11,9,15,1,15,3,2,3,15,15,11,8,13,11,10,10,2,3,1,17,15,3,7,15,16,15,15,12,13,16,12,11,10
2178,Geronimo Rulli,GK,16750000.0,189,26,4,5,1,14,12,12,10,13,14,13,13,3,12,13,14,16,13,4,12,11,18,1,15,1,3,3,7,15,14,6,13,6,2,12,2,6,1,12,11,1,2,13,13,14,14,15,7,15,15,12,13
2179,Andriy Pyatov,GK,11250000.0,190,34,3,5,1,18,7,17,10,11,8,11,16,3,16,13,9,15,14,2,15,9,13,3,16,1,1,2,15,13,14,3,14,12,1,9,1,4,3,15,10,1,10,15,14,14,13,18,14,14,12,8,10
2180,Benoit Costil,GK,12250000.0,188,31,4,5,1,18,12,8,10,12,13,10,13,3,15,14,13,16,13,5,10,12,15,3,16,1,1,2,14,13,13,2,12,12,7,12,1,8,3,16,13,2,7,15,13,14,12,12,15,14,14,8,14
2181,Odysseas Vlachodimos,GK,9750000.0,191,24,3,5,1,19,13,13,9,12,12,9,13,3,11,11,7,16,14,2,10,11,15,3,13,3,3,1,10,13,16,6,14,6,4,8,2,4,1,13,14,2,2,14,12,12,10,14,12,12,15,10,13
2182,Wayne Hennessey,GK,3400000.0,196,31,3,5,4,1,10,10,6,16,14,6,11,2,15,11,14,14,12,3,14,11,16,6,13,2,3,1,8,15,16,2,12,11,1,7,3,4,1,13,11,2,9,12,9,12,11,12,12,13,13,12,15
2183,Neil Etheridge,GK,3400000.0,188,28,4,5,1,1,12,5,7,12,14,11,5,2,12,11,14,17,11,2,8,11,12,10,9,3,1,3,7,12,15,7,14,7,5,9,1,12,1,12,12,3,3,12,11,13,14,13,13,11,15,12,15
2184,Tomas Vaclik,GK,15750000.0,188,29,3,5,2,19,12,10,8,12,10,9,14,9,13,12,14,15,13,9,12,8,17,5,9,2,2,2,12,11,15,2,15,5,8,10,3,9,5,16,13,5,5,15,15,14,14,15,13,12,14,6,11
2185,Antonio Adan,GK,15750000.0,190,31,1,1,5,7,9,14,8,12,10,8,13,1,16,13,14,16,15,4,9,12,15,5,14,2,2,3,15,12,15,4,13,9,4,9,2,6,1,13,14,3,5,14,14,15,15,15,13,14,13,11,13
2186,Claudio Bravo,GK,3800000.0,184,35,3,5,1,8,12,7,16,14,10,14,16,3,14,13,11,12,13,11,15,13,12,4,16,3,1,1,13,16,11,7,16,12,10,13,1,13,9,14,13,2,9,15,13,15,12,15,11,13,13,12,11
2187,Paulo Gazzaniga,GK,3100000.0,196,26,3,5,2,1,9,12,11,13,7,11,11,2,13,12,12,16,12,4,12,8,13,4,11,3,1,1,6,15,17,6,14,11,6,8,2,1,3,2,10,1,6,14,10,11,12,11,11,11,14,9,15
2188,Fabricio,GK,3100000.0,184,30,0,5,3,8,11,13,10,12,10,12,13,3,12,14,15,15,13,3,14,12,15,5,14,2,3,2,12,13,12,11,15,11,13,12,2,8,8,13,12,3,7,14,14,13,12,14,12,14,12,9,9
2189,Koen Casteels,GK,3800000.0,196,26,1,4,5,12,14,12,10,16,8,12,17,3,14,10,18,13,12,4,10,10,13,3,14,3,3,1,8,15,17,8,11,7,3,12,3,12,1,10,10,3,3,14,17,9,14,13,12,16,16,8,17
2190,Oliver Baumann,GK,3800000.0,187,28,0,5,3,16,12,10,7,15,8,9,17,3,14,12,16,16,14,1,8,10,16,3,16,3,1,1,11,11,13,6,16,9,4,9,2,8,3,13,12,3,4,16,13,14,10,11,12,16,14,8,10
2191,Etrit Berisha,GK,9750000.0,194,29,1,1,5,8,12,14,11,14,15,10,12,3,13,14,16,15,14,12,10,10,15,2,13,2,1,3,11,12,16,12,13,9,3,10,1,15,2,14,11,1,7,14,12,14,13,15,13,12,14,14,15
2192,Sam Johnstone,GK,3100000.0,194,25,4,5,1,6,13,5,9,13,15,7,8,3,11,6,12,15,13,2,14,6,14,3,12,2,2,2,4,13,16,1,14,9,2,5,2,9,2,16,12,1,6,13,9,12,14,14,7,12,15,5,14
2193,John Ruddy,GK,2800000.0,194,31,4,5,1,19,7,6,9,10,9,10,13,2,16,13,15,15,12,1,10,9,15,6,12,1,2,3,2,13,15,3,15,7,3,9,3,7,2,17,12,2,2,13,13,13,14,14,13,13,13,6,15
2194,Danny Ward,GK,2800000.0,191,25,3,5,1,19,12,8,11,12,9,10,12,2,13,12,13,12,12,2,11,11,11,2,13,2,1,2,5,12,12,3,15,9,3,10,3,6,2,14,12,2,6,13,13,13,13,13,12,13,12,12,13
2195,Cassio,GK,11250000.0,195,31,1,4,5,4,10,13,10,13,11,10,12,2,16,12,12,15,14,4,11,10,15,1,15,3,1,1,14,11,19,11,16,1,3,10,1,5,3,18,13,1,3,12,7,13,14,12,15,13,12,9,14
2196,Erwin Mulder,GK,2500000.0,193,29,3,5,1,19,11,10,11,14,7,10,14,1,11,10,13,15,14,6,12,9,14,9,5,3,2,3,8,15,17,4,15,6,5,10,1,3,3,11,12,1,1,12,15,11,9,7,12,13,14,5,14
2197,Joe Lewis,GK,750000.0,193,30,3,5,2,1,11,12,6,12,8,4,12,3,11,11,10,15,11,4,14,12,15,4,13,1,2,3,11,12,18,3,16,8,4,7,1,6,2,13,12,3,5,8,11,16,14,11,13,9,14,5,16
2198,Sven Ulreich,GK,9000000.0,192,29,3,5,4,8,12,10,6,12,13,7,14,2,15,12,13,17,14,3,9,10,17,3,14,3,1,2,9,11,15,5,15,10,2,7,1,6,3,10,12,1,7,16,12,13,10,11,13,13,14,10,11
2199,Pau Lopez,GK,12250000.0,188,23,1,2,5,1,10,11,10,14,5,8,13,1,12,12,13,15,14,5,15,11,13,3,13,1,3,2,12,13,11,2,14,10,1,7,2,7,1,5,13,2,6,15,14,13,14,14,13,14,13,11,13
2200,Ruben Blanco,GK,12250000.0,188,23,3,5,4,4,12,11,11,12,9,5,12,2,9,7,7,15,15,2,10,13,15,1,12,2,2,2,11,14,14,1,13,10,3,7,1,4,1,18,15,3,7,12,10,10,15,16,12,12,16,3,15
2201,Denys Boyko,GK,750000.0,197,30,3,5,1,5,10,13,4,13,17,7,13,1,13,10,13,14,13,1,8,6,13,4,14,3,1,2,10,10,14,1,12,7,10,7,1,12,3,14,12,1,4,12,12,15,11,16,13,13,13,11,14
2202,Andrea Consigli,GK,7500000.0,189,31,4,5,1,18,11,14,8,12,15,6,9,1,13,12,11,17,15,1,6,12,15,1,14,1,1,1,11,13,15,4,14,1,5,5,1,5,1,15,12,1,1,12,10,12,13,14,13,14,17,8,12
2203,Dean Henderson,GK,2200000.0,190,21,3,5,1,6,14,13,4,11,9,11,12,3,11,11,8,15,12,2,13,10,12,13,15,2,3,2,11,14,14,5,12,7,13,12,1,9,3,15,11,1,3,13,11,12,14,11,12,13,14,11,13
2204,Marcelo Grohe,GK,20000000.0,188,31,3,5,1,18,13,15,11,12,10,7,15,2,13,13,13,16,14,3,5,12,17,3,14,3,3,2,15,11,14,10,15,10,2,10,1,6,1,15,12,1,7,14,14,13,13,12,13,14,14,12,13
2205,Ben Hamer,GK,2200000.0,192,30,3,5,2,1,9,9,10,11,13,11,9,1,15,8,9,15,13,3,10,9,10,9,11,1,2,3,8,14,16,3,13,10,8,8,3,10,3,14,13,1,8,11,12,13,12,16,13,12,12,5,14
2206,Rob Elliot,GK,2500000.0,188,32,1,1,5,8,6,14,8,15,15,7,14,3,17,9,12,13,15,4,9,5,15,1,4,1,2,3,14,10,16,10,14,9,2,10,2,10,3,13,14,3,7,14,13,13,12,16,13,13,8,12,14
2207,Stephane Ruffier,GK,8250000.0,188,31,4,5,1,15,11,8,9,8,15,9,12,2,16,14,14,15,14,3,8,10,14,3,16,3,2,3,13,12,13,3,14,12,6,7,1,8,3,18,13,3,10,15,13,15,13,16,16,14,13,12,12
2208,Eldin Jakupovic,GK,750000.0,191,33,3,5,1,1,9,12,9,15,13,4,13,3,10,11,11,18,13,1,12,10,17,3,12,2,2,1,14,15,17,9,14,10,3,9,1,14,2,14,10,3,6,10,7,15,13,8,10,12,15,15,14
2209,Lukasz Skorupski,GK,6750000.0,187,27,4,5,1,6,14,12,4,11,11,7,12,3,16,12,11,17,13,5,7,13,14,9,14,3,2,2,12,12,14,5,13,9,10,6,3,12,3,15,11,1,4,11,13,9,10,17,12,14,15,15,13
2210,Jeroen Zoet,GK,3800000.0,189,27,4,5,1,16,9,17,14,13,10,11,14,1,12,15,13,16,14,3,11,10,14,3,15,2,2,2,13,14,14,3,15,6,4,8,2,6,3,18,14,3,1,13,15,15,14,10,12,14,15,7,13
2211,Volkan Babacan,GK,5250000.0,192,29,3,5,2,8,10,11,8,14,13,8,12,2,14,11,8,15,13,3,12,8,12,4,10,3,1,1,12,15,16,11,13,10,6,8,3,5,2,10,12,3,6,12,13,15,12,13,12,14,11,9,14
2212,Harun Tekin,GK,5250000.0,187,29,3,5,2,8,13,8,9,10,8,8,10,2,12,12,10,16,12,4,11,12,16,5,15,1,3,1,12,14,14,7,14,11,5,8,3,5,3,11,11,2,6,12,12,14,9,12,12,12,15,12,12
2213,Alexander Schwolow,GK,7500000.0,189,26,3,5,4,8,14,10,9,12,10,10,15,3,13,12,11,16,11,2,12,10,15,1,14,2,1,2,9,17,11,7,14,10,2,10,1,10,2,11,14,1,5,16,14,13,9,10,10,10,12,8,11
2214,Rune Jarstein,GK,9000000.0,190,33,3,5,4,5,12,10,8,15,13,10,14,1,14,12,16,16,12,2,10,10,13,3,13,2,1,1,8,13,15,3,14,12,2,9,2,12,2,12,11,2,7,13,14,11,16,10,16,15,13,10,14
2215,Unai Simon,GK,10500000.0,189,21,3,5,2,3,14,10,13,15,6,11,14,1,10,6,12,15,14,2,14,15,13,1,3,2,1,1,2,13,16,2,15,9,1,9,2,7,1,19,14,1,6,14,14,14,14,13,8,13,11,12,16
2216,Franco Armani,GK,3800000.0,189,31,3,5,1,7,11,15,14,10,12,10,13,2,13,13,14,16,14,4,10,10,15,1,13,1,1,3,15,9,14,3,14,12,3,10,2,6,2,14,14,3,8,14,13,14,14,14,14,14,14,8,14
2217,Marco Sportiello,GK,6000000.0,192,26,4,5,1,5,10,10,6,11,13,7,12,2,14,14,14,15,14,3,7,9,14,5,13,3,1,1,11,11,13,7,15,8,3,7,1,7,3,13,13,3,6,13,14,13,16,13,13,13,14,10,14
2218,Baptiste Reynet,GK,6750000.0,185,27,4,5,1,18,11,10,8,10,15,9,12,7,16,13,12,16,12,3,8,10,13,2,17,1,1,11,14,14,11,1,13,12,6,9,2,10,3,16,13,3,9,14,12,14,12,15,15,13,13,8,12
2219,Pepe Reina,GK,15750000.0,188,35,3,5,2,18,10,10,14,17,13,12,13,2,17,13,18,12,12,1,15,10,12,3,12,2,2,1,16,18,13,10,13,12,8,13,1,15,2,15,11,2,9,11,18,17,15,15,13,17,13,10,11
2220,Darren Randolph,GK,6000000.0,188,31,3,5,2,18,9,9,9,11,10,11,10,5,15,13,11,17,14,3,11,9,14,11,12,2,10,2,14,14,15,6,15,5,5,11,3,11,3,15,10,1,1,9,13,13,14,12,15,10,15,10,15
2221,Agustin Marchesin,GK,20000000.0,188,30,3,5,1,18,10,13,9,14,11,8,11,6,13,14,13,17,16,8,8,13,16,3,13,5,4,5,11,11,15,4,14,3,7,8,3,9,3,15,15,5,4,13,12,14,15,14,16,13,13,8,16
2222,Onur Kivrak,GK,4500000.0,187,30,3,5,1,6,13,14,8,11,10,10,13,3,11,11,14,17,12,5,13,10,15,7,9,2,3,3,13,12,13,5,12,3,8,8,3,11,2,16,10,1,3,12,12,16,10,17,10,12,14,11,11
2223,Adam Bogdan,GK,2800000.0,194,30,3,5,1,1,11,9,7,14,14,12,9,3,15,12,11,13,10,4,10,11,14,5,12,3,3,2,8,14,15,2,13,11,5,10,2,4,3,8,11,3,8,11,11,12,14,15,12,13,14,13,13
2224,Miguel Angel Moya,GK,18000000.0,188,34,4,5,1,1,10,12,3,14,11,9,11,3,14,13,13,16,15,3,9,11,14,2,13,2,3,3,13,16,14,5,15,12,5,7,1,6,2,14,14,1,10,15,12,14,15,15,14,13,14,11,15
2225,Andres Fernandez,GK,9750000.0,184,31,3,5,2,1,10,13,6,13,9,9,11,1,15,14,11,17,15,3,10,12,14,2,13,3,3,3,11,12,11,6,14,12,6,8,3,6,1,10,13,2,8,13,11,12,13,13,13,12,14,10,13
2226,Alexander Dominguez,GK,4500000.0,195,31,3,5,1,19,12,11,8,13,5,9,12,2,12,13,16,14,12,2,9,12,13,7,16,3,1,2,14,11,18,7,15,10,1,9,2,9,3,13,12,2,7,12,13,13,13,11,13,12,14,12,16
2227,Alban Lafont,GK,5250000.0,193,19,4,5,1,6,11,12,10,12,12,8,12,2,14,15,14,16,13,6,9,11,14,1,15,2,1,1,8,11,17,2,13,11,7,9,3,2,2,15,12,3,9,14,13,13,13,12,14,12,14,7,14
2228,Robin Olsen,GK,5250000.0,196,28,3,5,2,8,9,10,4,13,9,10,12,3,14,10,12,15,14,4,12,8,13,1,14,3,1,3,10,14,19,4,13,1,2,11,1,6,1,14,12,3,2,13,14,12,13,14,13,12,12,13,17
2229,Esteban Andrada,GK,750000.0,193,27,3,5,2,1,10,13,11,13,10,12,13,2,14,12,13,16,14,4,12,11,15,3,12,2,1,1,12,14,14,1,14,11,10,14,3,12,2,13,12,1,8,8,13,9,14,14,15,14,14,14,14
2230,Alexis Martin Arias,GK,750000.0,185,26,4,5,1,3,13,12,12,12,5,4,11,3,9,8,10,14,16,3,14,13,14,1,12,1,1,1,6,9,14,3,13,10,2,6,1,10,3,19,13,2,8,12,12,12,13,14,14,14,14,5,13
2231,Andre Onana,GK,8250000.0,190,22,3,5,1,1,13,13,6,14,13,12,10,1,14,14,13,15,13,2,13,13,14,2,16,2,2,2,9,14,16,7,14,10,12,10,2,13,3,5,12,3,5,9,15,12,12,15,14,12,15,9,15
2232,Adam Federici,GK,2500000.0,188,33,3,5,2,8,10,8,13,12,7,14,10,7,16,9,10,14,11,10,14,9,15,3,12,6,14,5,11,16,16,8,14,6,6,14,8,11,6,12,12,6,8,12,11,10,12,14,9,12,10,8,14
2233,Gatito Fernandez,GK,3800000.0,191,30,4,5,1,1,11,15,7,11,12,10,12,1,12,10,13,15,14,2,7,10,15,1,12,1,2,3,12,11,16,4,16,7,10,8,1,14,3,14,15,2,1,16,12,13,13,14,10,14,14,15,12
2234,Alex Meret,GK,7500000.0,190,21,2,1,5,18,10,14,6,11,11,8,14,3,10,10,14,17,12,2,10,10,14,3,11,1,2,3,10,8,14,6,16,10,3,9,1,5,1,16,13,3,8,13,13,10,10,13,11,14,18,8,16
2235,Fernando Pacheco,GK,9000000.0,186,26,1,2,5,1,10,13,11,14,14,12,14,3,14,10,15,16,13,4,13,12,14,2,11,3,3,2,11,14,12,8,15,10,5,12,1,10,1,13,12,1,6,14,12,12,12,13,9,12,14,8,12
2236,Gianluigi Buffon,GK,37500000.0,192,40,4,5,1,2,6,11,7,13,16,8,12,1,14,9,18,16,20,4,10,7,17,1,11,1,1,1,20,12,14,1,14,1,12,9,1,16,1,20,18,1,1,16,17,20,20,17,14,17,11,5,14
2237,Ciprian Tatarusanu,GK,9750000.0,198,32,0,5,3,8,8,12,10,14,10,8,14,3,17,14,12,15,12,5,9,11,13,3,14,3,5,2,14,13,18,8,14,2,3,8,2,6,5,13,14,8,1,10,14,14,13,10,18,12,13,10,16
2238,Tomas Koubek,GK,4500000.0,197,25,4,5,1,17,12,2,6,14,13,6,14,8,15,9,11,15,12,9,9,12,14,4,13,6,5,2,16,12,13,2,12,2,15,7,1,11,1,15,12,1,2,13,12,16,14,14,12,12,12,10,16
2239,Martin Dubravka,GK,1300000.0,190,29,3,5,2,18,13,1,10,13,11,10,12,3,12,10,12,15,15,3,12,10,15,3,14,5,5,2,13,14,15,3,15,2,14,11,1,5,1,15,12,1,1,13,13,15,15,15,14,15,12,7,15
2240,Benjamin Lecomte,GK,4500000.0,186,27,2,0,5,8,12,12,12,11,13,11,12,3,13,14,13,15,12,5,10,11,15,3,15,1,3,3,12,12,13,1,13,7,6,11,3,8,1,14,12,1,5,13,12,13,14,14,14,12,14,8,13
2241,Weverton,GK,3800000.0,189,30,4,5,1,1,13,13,12,13,14,12,10,3,16,13,16,15,14,7,13,11,14,1,14,2,10,3,14,12,16,3,14,5,7,9,3,8,1,14,10,2,1,13,12,14,13,14,13,13,14,15,13
2242,Nahuel Guzman,GK,16750000.0,192,32,4,5,1,6,11,12,10,14,5,12,13,13,16,12,14,14,14,10,12,10,15,8,16,11,10,10,13,15,14,7,12,3,7,13,4,18,7,16,13,3,4,15,14,11,14,14,14,15,13,13,14
2243,Tiago Volpi,GK,13500000.0,189,27,3,5,4,1,13,12,10,11,14,5,12,6,14,14,11,13,15,5,7,13,14,6,12,8,1,1,15,11,14,1,14,11,8,6,2,7,2,12,12,3,8,14,16,14,15,15,15,15,14,7,14
2244,Frederik Ronnow,GK,5250000.0,188,25,3,5,2,5,13,10,5,14,14,11,16,3,11,10,14,16,12,2,11,10,15,3,14,3,1,3,12,14,14,2,14,9,5,12,3,4,2,12,13,1,5,13,11,13,9,9,12,14,15,6,11
2245,Diego Alves,GK,13500000.0,187,33,2,1,5,6,11,12,8,13,13,11,11,1,12,12,11,19,12,2,11,11,16,3,13,1,2,1,14,11,13,5,12,9,6,10,2,7,3,15,13,2,7,15,15,14,12,13,10,15,17,12,11
2246,Martin Campana,GK,3400000.0,186,29,3,5,1,8,11,13,13,14,11,11,14,3,12,13,12,16,12,2,12,11,14,2,13,2,2,1,18,13,13,2,15,12,10,12,3,8,2,13,12,2,10,15,14,14,13,13,14,14,13,8,12
2247,Sergio Padt,GK,6000000.0,197,28,4,5,1,1,11,14,12,14,11,12,12,2,12,14,8,15,14,6,15,10,12,2,12,3,8,1,12,14,17,3,14,5,6,13,1,9,3,12,13,2,1,14,15,14,12,12,13,12,10,8,14
2248,Rene Adler,GK,8250000.0,190,33,0,5,3,16,12,10,7,10,12,10,15,2,14,11,14,16,16,1,8,10,17,1,13,3,1,2,11,11,14,7,15,11,7,10,3,7,1,12,12,2,9,14,12,13,10,10,12,14,15,10,11
2249,Pierluigi Gollini,GK,750000.0,188,23,4,5,1,5,13,15,7,13,15,9,13,3,15,10,14,14,13,5,9,11,15,3,15,2,1,2,12,12,16,5,13,12,2,8,3,15,2,13,12,3,7,12,12,11,12,14,13,12,14,11,14
2250,Sergio Rico,GK,7500000.0,194,24,4,5,1,8,10,12,6,13,18,7,14,2,14,10,7,17,15,3,11,8,15,5,11,3,1,1,9,12,14,5,15,11,11,10,2,6,1,10,14,1,6,14,15,12,13,13,15,14,16,8,14
2251,David Soria,GK,7500000.0,192,25,4,5,1,1,9,14,8,13,10,5,13,2,15,11,17,15,15,3,8,9,13,11,11,2,2,2,11,12,16,4,16,7,9,7,3,8,3,13,16,1,4,14,12,14,17,13,13,15,12,11,15
2252,Michel Vorm,GK,7500000.0,184,34,3,5,2,8,14,14,13,13,10,12,13,3,14,13,13,13,13,1,11,13,14,4,11,2,2,1,12,14,12,8,14,11,7,9,3,11,1,14,13,2,9,12,12,13,11,14,13,13,11,11,11
2253,Orjan Nyland,GK,3100000.0,192,27,3,5,2,15,11,10,8,12,8,8,11,1,13,10,12,16,12,1,8,10,14,1,15,2,2,3,14,11,14,5,10,9,2,7,3,9,1,15,11,1,6,12,9,12,14,16,15,10,16,15,13
2254,Roberto,GK,3800000.0,192,32,3,5,1,8,11,13,7,15,16,9,13,3,13,13,7,16,14,3,8,9,15,2,13,2,2,2,13,15,16,8,13,4,4,8,1,4,6,13,13,3,3,14,12,13,13,13,14,14,15,8,13
2255,Guillermo Ochoa,GK,750000.0,185,33,4,5,1,12,13,8,9,13,5,11,14,13,14,12,9,17,13,10,11,9,16,5,12,7,3,2,9,15,13,10,13,7,7,11,2,15,2,16,11,1,4,13,17,12,9,14,8,15,17,7,10
2256,Mike Maignan,GK,3400000.0,189,23,3,5,1,1,8,12,5,12,10,10,13,3,16,13,8,15,13,2,11,8,13,1,15,2,2,10,12,14,14,2,13,8,10,11,2,10,1,12,12,2,5,14,13,13,12,14,15,12,13,8,13
2257,Walter Benitez,GK,3400000.0,191,25,3,5,1,8,9,10,7,14,8,8,12,1,17,12,8,14,13,4,12,10,15,2,14,3,1,2,10,14,13,6,13,5,6,10,2,6,3,13,12,2,3,14,11,12,12,15,16,13,11,2,13
2258,Scott Carson,GK,750000.0,183,32,3,5,4,8,9,12,9,12,10,6,12,1,16,15,11,14,13,1,9,10,15,1,14,1,3,3,15,13,13,3,14,9,2,7,2,13,2,13,11,3,6,14,10,14,14,14,14,11,14,11,14
2259,Marco Bizot,GK,5250000.0,194,27,4,5,1,19,11,14,9,14,5,10,12,2,14,12,12,14,13,1,12,11,14,1,13,2,3,2,13,14,14,8,13,12,10,10,1,5,2,12,12,3,10,14,13,13,13,13,14,11,13,12,13
2260,Javier Garcia,GK,4500000.0,181,31,3,5,1,1,12,14,12,14,15,6,12,1,13,13,9,15,12,1,8,14,13,1,12,3,1,2,10,16,11,3,14,4,10,7,1,12,2,11,13,3,1,12,13,11,8,12,14,12,16,8,9
2261,Yvon Mvogo,GK,4500000.0,190,24,3,5,2,8,14,12,9,13,12,9,13,3,15,10,18,16,10,3,10,10,14,3,14,2,2,3,9,16,15,7,10,7,3,10,1,15,3,13,10,3,3,11,10,11,10,16,12,14,17,12,13
2262,Ben Foster,GK,6000000.0,193,35,2,1,5,18,10,8,5,16,9,9,8,2,13,14,14,16,13,8,6,9,15,8,16,1,1,1,8,14,16,2,13,1,1,10,1,9,1,15,12,1,1,14,10,14,14,14,13,13,15,6,15
2263,Emil Audero,GK,3100000.0,192,21,4,5,1,3,11,13,8,12,10,6,9,3,13,13,16,15,13,2,8,12,13,1,18,1,2,1,14,10,14,1,13,7,9,6,1,3,2,18,13,1,2,13,12,13,14,13,14,13,14,10,13
2264,Matz Sels,GK,3100000.0,191,26,3,5,2,6,12,10,8,12,14,10,12,1,14,15,11,17,12,3,11,13,15,1,17,3,3,2,10,14,15,9,10,11,1,11,1,13,1,15,11,1,6,14,13,11,10,14,13,13,12,8,11
2265,Sergio Alvarez,GK,9000000.0,179,31,3,5,4,1,10,13,9,14,15,10,14,1,12,11,14,15,12,3,15,9,14,1,12,1,2,1,12,14,9,6,13,12,4,11,2,9,2,5,13,1,10,13,14,12,13,15,11,14,13,8,13
2266,Karl-Johan Johnsson,GK,3100000.0,187,28,4,5,1,8,10,13,11,16,15,10,15,2,16,12,11,15,12,3,10,9,14,5,15,1,2,2,11,13,13,3,14,7,3,12,3,9,1,14,11,2,2,13,11,13,12,15,14,13,12,14,12
2267,Sinan Bolat,GK,2200000.0,190,29,4,5,1,6,13,14,10,13,7,12,10,12,12,11,15,16,8,2,11,14,13,2,12,6,3,3,12,14,16,10,11,10,13,12,2,11,2,15,13,2,6,13,12,11,11,16,11,12,16,8,12
2268,Thomas Didillon,GK,2200000.0,193,22,1,2,5,1,11,11,10,12,7,8,12,2,14,13,13,14,13,2,14,11,12,2,15,2,1,1,13,11,16,3,12,11,2,8,3,9,3,12,12,1,9,13,14,12,12,14,15,13,13,8,11
2269,Guido Herrera,GK,2200000.0,188,26,1,1,5,1,15,13,8,12,8,14,12,3,15,13,15,13,12,12,13,12,14,6,14,3,3,2,8,17,14,2,9,10,6,12,2,4,1,13,13,3,7,13,11,10,16,13,14,15,12,13,13
2270,Guillermo Sara,GK,2200000.0,184,30,4,5,1,5,11,12,8,11,11,9,11,2,13,13,12,17,12,2,13,10,12,5,13,2,3,1,11,12,11,1,15,9,3,12,3,6,1,13,10,3,7,13,12,12,11,12,14,11,15,12,11
2271,Cican Stankovic,GK,750000.0,186,25,3,5,4,18,12,14,9,12,9,11,13,1,11,12,13,17,15,5,12,11,13,2,12,1,12,12,8,12,16,7,13,1,10,9,1,13,10,16,9,7,1,9,9,12,11,14,11,12,13,11,14
2272,Yoan Cardinale,GK,2800000.0,181,24,3,5,1,7,9,12,11,14,15,10,13,2,15,14,14,15,12,3,12,10,14,3,15,1,1,2,10,14,11,8,12,10,1,12,2,13,1,12,11,1,7,14,11,14,11,15,15,13,13,6,10
2273,Kristoffer Nordfeldt,GK,375000.0,190,29,4,5,1,12,12,14,11,14,14,10,13,3,14,13,11,12,13,6,11,10,15,5,12,1,1,2,12,11,14,3,13,8,1,9,2,12,1,12,10,1,5,13,18,14,13,14,14,9,14,8,13
2274,Nicolas Navarro,GK,3100000.0,190,33,3,5,2,6,11,13,7,14,9,4,14,2,14,12,13,17,14,1,7,11,14,1,14,3,2,3,14,8,16,5,15,10,5,9,3,12,3,15,13,1,6,12,15,10,7,15,15,12,13,5,14
2275,David Von Ballmoos,GK,4500000.0,192,23,3,5,1,1,8,10,7,12,7,8,11,3,13,11,13,15,13,2,9,10,13,2,12,1,3,1,8,12,15,6,15,7,4,8,2,10,2,3,12,3,5,12,10,12,15,12,14,11,13,6,15
2276,Andre Blake,GK,4500000.0,194,27,3,5,2,13,12,11,10,8,8,8,11,3,12,15,9,16,12,2,16,12,14,11,15,2,3,1,14,10,13,1,11,7,3,10,1,8,1,15,12,1,2,11,12,11,13,13,13,11,15,11,16
2277,Michael Esser,GK,3400000.0,198,30,3,5,2,12,9,10,6,9,12,7,12,1,17,10,11,16,12,4,8,10,15,2,12,1,3,2,13,9,17,9,12,11,1,7,1,6,1,10,10,2,9,13,11,13,14,14,16,10,15,8,17
2278,Alex Remiro,GK,7500000.0,191,23,3,5,2,1,15,12,12,13,4,12,13,3,11,7,14,15,14,3,12,13,13,2,12,1,3,1,14,12,15,3,12,12,1,11,2,8,2,5,13,2,7,10,13,10,11,15,6,13,17,6,14
2279,Jonas Omlin,GK,750000.0,189,24,3,5,1,1,12,7,6,14,7,7,11,3,12,10,13,16,13,5,9,10,14,1,10,2,3,3,8,13,16,1,14,7,4,8,3,6,2,13,11,1,3,11,12,12,14,13,14,12,13,8,14
2280,Richard Strebinger,GK,3100000.0,194,25,3,5,1,5,10,13,9,14,8,10,13,5,16,14,14,14,12,6,9,10,15,1,13,3,14,12,9,12,16,8,13,1,14,10,1,13,1,13,11,1,1,12,10,13,14,12,14,11,13,8,16
2281,Florian Muller,GK,3100000.0,192,20,1,4,5,19,12,13,10,14,9,11,16,1,14,10,17,13,11,6,12,10,10,2,13,3,3,1,9,15,15,8,10,10,2,12,1,13,3,12,14,1,6,10,16,12,10,11,12,12,14,10,13
2282,Alfred Gomis,GK,2200000.0,196,24,4,5,1,8,7,12,10,12,13,12,10,1,15,15,11,15,13,3,10,8,13,9,13,1,2,2,9,16,15,7,13,11,10,8,1,10,2,13,13,3,8,13,14,13,13,11,12,11,14,12,14
2283,Luigi Sepe,GK,2200000.0,189,27,2,1,5,1,12,12,10,11,13,9,11,3,13,12,10,15,13,2,8,12,13,3,12,3,2,1,9,13,14,8,15,11,4,8,1,10,2,13,12,3,7,11,10,13,12,12,13,12,13,13,13
2284,Yoel,GK,5250000.0,186,29,3,5,1,7,10,11,8,15,12,6,12,3,10,11,12,15,11,3,7,10,14,3,10,3,2,3,12,12,11,9,13,11,2,8,2,5,1,13,15,1,7,15,7,12,12,14,11,13,12,11,13
2285,Marko Dmitrovic,GK,5250000.0,190,26,1,2,5,1,10,12,8,14,10,7,11,8,11,12,12,15,14,10,3,10,13,9,11,8,10,10,10,16,14,9,13,7,6,8,5,9,8,12,14,10,3,15,13,12,12,14,12,12,13,9,15
2286,Oier Olazabal,GK,5250000.0,189,28,1,1,5,15,11,12,8,15,11,8,13,2,16,13,12,13,16,2,10,12,12,4,12,1,2,1,10,14,15,4,13,12,7,10,3,7,3,14,12,1,7,12,12,12,13,12,7,15,13,10,16
2287,Lee Grant,GK,750000.0,191,35,4,5,1,5,9,11,12,13,10,11,11,1,10,9,13,16,15,2,13,9,13,12,9,3,1,1,7,13,14,7,12,12,12,12,1,5,3,8,11,3,7,13,12,11,16,15,10,12,15,9,14
2288,Julian Pollersbeck,GK,2800000.0,195,23,3,5,4,19,12,14,7,10,11,9,12,1,14,10,19,15,13,3,10,10,15,3,12,3,2,2,11,9,17,7,12,10,1,9,3,14,1,10,10,1,8,12,11,13,10,13,14,15,16,10,15
2289,Diego Benaglio,GK,9000000.0,194,34,4,5,1,16,10,10,7,12,9,7,13,7,15,11,13,14,15,3,8,10,14,2,14,1,3,3,14,11,15,8,15,9,5,8,2,8,1,15,13,1,4,15,12,16,13,14,14,13,12,7,15
2290,Tim Krul,GK,1900000.0,195,30,2,1,5,8,11,13,5,12,12,8,10,2,10,14,15,15,15,4,8,8,15,1,13,3,3,1,12,9,17,5,13,6,2,8,3,8,2,14,12,1,1,13,12,14,13,14,14,12,12,11,15
2291,Vanderlei,GK,15750000.0,195,34,4,5,1,19,13,13,5,8,14,12,12,3,12,13,15,16,15,4,10,12,15,6,15,3,1,3,13,10,16,3,15,12,5,11,2,12,2,13,13,1,10,12,12,15,14,13,12,12,14,5,14
2292,Juan Musso,GK,1900000.0,191,24,4,5,1,16,12,10,10,11,4,8,11,1,12,13,13,13,11,4,13,10,14,3,13,3,1,3,11,8,12,8,14,9,1,3,3,5,2,13,15,1,4,13,11,10,13,13,6,12,15,6,15
2293,Maarten Stekelenburg,GK,6000000.0,197,35,4,5,1,16,10,12,10,14,10,7,13,2,14,17,13,14,14,6,10,10,13,3,15,2,3,2,13,14,17,8,13,10,5,9,1,6,2,16,13,3,8,12,15,10,11,13,14,14,13,8,14
2294,Willy Caballero,GK,10500000.0,186,36,4,5,1,18,9,13,12,12,14,8,12,2,12,10,16,16,14,2,12,12,12,7,12,1,3,2,14,12,13,3,16,12,12,12,1,8,2,15,14,1,10,13,13,14,15,12,13,13,15,6,10
2295,Marcelo Barovero,GK,16750000.0,183,34,3,5,2,8,12,14,8,13,7,8,9,6,10,12,12,15,15,1,8,11,13,1,17,4,9,1,16,8,14,4,17,1,1,5,1,5,5,13,11,3,2,16,14,15,16,10,12,17,17,6,13
2296,Costel Pantilimon,GK,1600000.0,201,31,4,5,1,5,6,10,4,13,8,5,8,3,16,13,7,15,16,3,5,6,15,3,10,1,1,1,7,4,20,3,15,5,4,6,1,7,2,5,11,2,2,13,10,10,18,15,14,13,11,9,19
2297,Lars Unnerstall,GK,2200000.0,198,28,4,5,1,1,8,13,7,11,8,8,14,3,17,12,12,13,14,3,8,9,14,1,13,3,1,2,10,13,18,5,14,10,1,7,2,6,2,8,11,2,5,12,12,12,15,13,16,12,13,7,17
2298,Lucas Hoyos,GK,1300000.0,183,29,3,5,1,9,13,11,12,11,11,10,11,1,13,13,14,15,11,11,12,12,13,9,12,1,2,2,12,12,12,5,14,7,10,8,2,12,2,10,12,3,3,13,12,12,11,12,13,13,12,12,10
2299,Orestis Karnezis,GK,750000.0,190,33,4,5,1,8,13,12,6,11,6,9,12,3,12,12,13,15,13,3,8,11,14,2,12,1,3,2,12,12,14,9,14,11,4,9,1,7,1,14,13,3,6,12,12,13,13,13,10,13,14,13,13
2300,Florin Nita,GK,8250000.0,184,31,3,5,1,19,12,10,10,14,10,10,12,5,12,15,12,14,11,3,12,10,13,5,14,5,2,2,11,13,13,10,13,3,2,9,2,7,3,12,12,4,2,13,12,14,12,13,13,12,15,10,9
2301,Colin Coosemans,GK,1300000.0,186,25,3,5,1,3,14,10,10,10,10,10,14,3,10,14,10,16,9,2,10,14,12,3,13,3,1,1,7,10,11,8,14,8,12,10,1,5,2,18,12,2,6,14,12,11,13,13,11,12,13,14,11
2302,Vasilis Barkas,GK,750000.0,195,24,1,2,5,15,8,11,11,13,12,8,12,1,12,11,12,14,13,3,10,9,14,2,12,3,3,1,9,12,16,3,13,11,2,8,2,4,7,14,13,1,6,13,13,12,12,13,13,13,14,9,13
2303,David Jensen,GK,1900000.0,195,26,3,5,2,6,6,13,10,11,10,11,15,1,14,8,16,12,10,3,10,7,15,3,6,2,3,1,14,17,17,4,12,5,9,10,3,13,3,15,14,2,1,12,13,14,14,16,14,12,9,14,14
2304,Alexander Nubel,GK,1900000.0,193,21,3,5,4,8,13,13,9,15,10,11,16,3,13,10,17,12,10,3,12,10,12,3,12,2,2,1,7,14,15,7,11,9,3,11,2,13,1,10,12,2,5,11,17,8,15,10,12,12,15,8,14
2305,Soslan Djanaev,GK,3100000.0,190,31,3,5,1,8,11,14,8,13,13,7,13,1,15,13,9,14,12,4,9,11,13,3,14,1,1,1,5,14,14,3,14,8,2,8,1,13,3,14,13,1,3,14,12,13,14,14,12,12,12,12,12
2306,Iago Herrerin,GK,750000.0,186,30,3,5,1,6,9,13,11,12,17,8,12,1,16,13,14,16,13,5,9,7,13,5,14,3,3,2,13,11,12,4,15,7,11,3,2,2,1,15,13,3,5,12,13,13,14,16,8,12,13,6,13
2307,Joel Robles,GK,750000.0,198,28,3,5,2,9,10,7,12,14,11,10,10,3,14,10,14,15,11,3,13,8,14,10,10,2,1,2,10,14,15,2,16,12,2,9,3,8,3,12,10,3,9,10,9,12,18,10,14,9,13,5,16
2308,Thomas Kraft,GK,3100000.0,187,30,3,5,4,15,12,10,7,10,10,8,12,3,13,10,12,16,13,2,9,10,16,1,16,2,2,2,14,11,14,6,14,6,1,8,1,6,2,15,12,2,4,14,10,15,10,14,15,11,12,9,10
2309,Pedro Gallese,GK,6750000.0,189,28,1,2,5,5,13,12,12,9,13,13,13,12,9,11,12,14,12,3,13,15,12,6,5,9,1,12,14,15,14,12,15,9,3,13,5,7,7,13,14,8,7,13,12,11,11,12,10,13,13,12,14
2310,Heinz Lindner,GK,750000.0,187,28,3,5,1,8,11,10,7,12,8,7,15,3,12,13,10,17,14,4,8,10,16,3,16,3,1,2,12,9,14,3,15,12,3,7,3,7,3,12,12,1,7,14,12,14,12,10,11,13,14,8,10
2311,Lucas Acosta,GK,1000000.0,187,23,3,5,1,8,13,14,7,11,14,9,14,2,12,12,13,16,13,1,10,12,13,3,14,1,3,1,15,11,15,1,12,9,2,11,2,16,1,14,12,2,6,10,11,12,11,12,12,12,15,10,11
2312,Fabian Bredlow,GK,1600000.0,190,23,3,5,4,18,12,10,8,12,8,10,14,1,16,10,16,14,11,4,10,10,13,1,15,3,2,3,10,10,14,1,12,10,3,9,1,11,2,15,11,3,5,12,13,10,14,13,15,12,13,10,13
2313,Philipp Tschauner,GK,2200000.0,196,32,3,5,1,8,11,10,7,9,10,7,12,3,18,10,12,14,13,3,8,10,15,1,14,2,3,1,12,10,16,7,14,7,3,7,1,5,1,14,11,1,2,14,9,12,9,13,16,11,15,8,15
2314,Raul Fernandez,GK,3400000.0,196,30,3,5,1,1,10,10,9,11,12,10,10,3,14,13,10,14,14,1,10,11,15,3,14,1,2,3,12,13,16,2,15,11,1,5,1,6,3,13,13,1,8,13,10,12,12,12,11,12,12,4,13
2315,Eloy Room,GK,2800000.0,190,29,4,5,1,5,11,14,7,12,12,10,11,3,13,12,11,14,13,2,11,12,14,3,14,3,3,1,10,13,14,3,14,4,3,8,2,8,1,8,13,1,1,13,15,12,12,13,12,12,13,8,12
2316,Kenneth Vermeer,GK,1900000.0,182,32,4,5,1,18,11,15,12,13,13,12,15,3,11,11,15,16,12,2,12,11,15,8,14,3,3,2,12,12,13,4,12,3,12,14,1,14,3,16,11,1,1,11,13,14,12,14,12,13,12,9,12
2317,Simone Scuffet,GK,1000000.0,190,22,4,5,1,4,11,14,6,7,13,7,11,1,13,13,12,14,14,4,7,10,14,4,15,2,3,1,9,11,15,5,12,9,6,6,2,4,1,18,14,1,6,14,14,11,12,14,14,14,13,8,11
2318,Stanislav Kritsyuk,GK,2500000.0,192,27,4,5,1,8,12,11,10,11,8,11,13,1,13,13,14,13,14,5,11,12,13,3,14,1,1,2,10,13,15,7,13,12,1,10,2,8,3,14,12,2,7,14,14,12,15,14,14,11,13,5,13
2319,Jordi Masip,GK,3100000.0,179,29,3,5,2,1,13,13,13,12,7,14,13,2,9,12,16,15,10,3,15,12,15,2,12,2,3,2,9,12,10,6,14,7,8,16,3,13,2,11,13,1,3,14,15,9,9,11,10,13,16,6,10
2320,Yassine Bounou,GK,3100000.0,191,27,1,2,5,8,10,13,7,15,11,5,14,2,14,9,9,14,14,6,7,13,11,1,10,1,2,1,8,13,15,8,15,10,6,7,3,4,3,12,13,2,7,15,13,12,13,9,8,13,13,5,13
2321,Fabian Giefer,GK,1300000.0,196,28,3,5,2,5,10,10,6,11,9,8,13,1,18,10,13,15,12,4,9,10,15,1,11,1,2,3,9,12,18,6,12,7,2,8,2,8,3,12,11,2,4,10,10,10,10,13,15,11,16,8,16
2322,Brad Guzan,GK,750000.0,193,33,1,2,5,18,9,12,10,11,12,9,11,1,16,14,13,14,13,4,8,8,14,12,12,2,2,3,13,13,14,7,15,10,5,7,2,10,1,15,11,3,5,13,13,14,14,11,12,12,12,11,15
